brand,n_replies,dm_punt_rate,median_reply_chars,ascii_frac,n_answers_to_customer,n_inbound_mentions,reply_rate,groundable_replies
AmazonHelp,169840,0.0065,124,0.9552,169287,135287,1.255,168186
AppleSupport,106860,0.5251,130,0.9984,106719,97928,1.091,50680
Uber_Support,56270,0.3531,104,0.9999,56261,46659,1.206,36395
Delta,42253,0.1646,95,0.9982,42197,45291,0.933,35251
SpotifyCares,43265,0.3086,127,0.9975,43243,31364,1.379,29898
AmericanAir,36764,0.1888,103,0.9999,36598,49629,0.741,29688
Tesco,38573,0.2683,157,0.9992,38501,34062,1.132,28171
VirginTrains,27817,0.0261,85,0.9982,27522,37439,0.743,26803
British_Airways,29361,0.14,116,0.9993,29315,30872,0.951,25210
SouthwestAir,28977,0.1697,114,0.9997,28889,35136,0.825,23986
hulu_support,21872,0.0054,134,0.998,21783,18616,1.175,21665
XboxSupport,24557,0.2093,115,0.9999,24341,28131,0.873,19246
GWRHelp,19364,0.0142,108,0.9999,19294,27080,0.715,19020
ChipotleTweets,18749,0.0114,68,0.9983,18612,21816,0.859,18399
VerizonSupport,17966,0.1168,82,0.9999,17851,17946,1.001,15766
sainsburys,19466,0.2304,118,0.9997,19417,22878,0.851,14943
AskPlayStation,19098,0.2768,101,0.9985,18694,22270,0.858,13519
ATVIAssist,17650,0.2371,114,0.9998,17531,24747,0.713,13374
Ask_Spectrum,25860,0.495,129,0.9996,25807,23689,1.092,13032
Safaricom_Care,16077,0.1924,80,0.9999,15471,17304,0.929,12494
idea_cares,15724,0.2057,129,1.0,15617,15937,0.987,12404
BofA_Help,12683,0.0639,109,0.9988,12654,6054,2.095,11845
SW_Help,12231,0.0071,105,0.9999,11792,15769,0.776,11708
sprintcare,22381,0.4783,113,0.9995,22335,13752,1.627,11652
O2,16212,0.282,116,0.9907,16091,19528,0.83,11553
AskAmex,11358,0.0159,99,0.9995,11111,8920,1.273,10934
AirAsiaSupport,12829,0.174,115,0.9997,12735,12998,0.987,10519
MicrosoftHelps,11304,0.0781,129,0.9988,11223,10615,1.065,10346
marksandspencer,11504,0.1126,110,0.9964,11460,14032,0.82,10169
comcastcares,33031,0.7149,124,0.9993,33007,23297,1.418,9410
AdobeCare,9917,0.091,120,0.9994,9888,7239,1.37,8988
AskTarget,13218,0.3395,145,0.9987,13218,7253,1.822,8730
ArgosHelpers,12174,0.2983,98,0.9994,12053,11240,1.083,8457
McDonalds,8478,0.0068,70,0.9954,8429,4493,1.887,8371
airtel_care,9881,0.1798,103,0.9998,9869,6749,1.464,8094
Morrisons,10126,0.2536,104,0.9989,10028,11353,0.892,7484
JetBlue,8020,0.1061,93,0.9952,7972,9854,0.814,7126
AskeBay,9686,0.2854,130,0.9968,9624,8264,1.172,6877
LondonMidland,6822,0.0098,93,0.9999,6525,9494,0.719,6461
AlaskaAir,7478,0.1321,84,0.9992,7428,9055,0.826,6446
GloCare,6308,0.017,102,0.9998,6304,8492,0.743,6196
AzureSupport,7565,0.1896,102,0.9995,7484,6593,1.147,6065
TMobileHelp,34317,0.8279,123,0.9993,34287,21973,1.562,5900
AldiUK,8114,0.2842,118,0.9915,7927,10675,0.76,5674
UPSHelp,17817,0.6836,136,1.0,17772,14664,1.215,5623
AskLyft,11809,0.5619,120,0.9998,11795,6889,1.714,5167
DropboxSupport,5954,0.1987,140,0.9936,5941,3954,1.506,4760
Ask_WellsFargo,7578,0.3844,133,0.9997,7564,2458,3.083,4656
ChaseSupport,8811,0.4745,128,0.9995,8714,4307,2.046,4579
HPSupport,7200,0.3911,133,0.9996,7181,5162,1.395,4372
CoxHelp,7861,0.4428,113,0.9998,7836,6840,1.149,4366
nationalrailenq,4444,0.0036,95,0.9998,4147,5716,0.777,4132
VirginAtlantic,4318,0.0801,95,0.9967,4299,5885,0.734,3954
GreggsOfficial,4522,0.1703,42,0.9831,4495,6140,0.736,3729
AirbnbHelp,8875,0.5947,138,0.999,8868,6602,1.344,3594
DellCares,5336,0.3737,131,0.9993,5245,3166,1.685,3284
NikeSupport,3468,0.1078,104,0.9984,3414,0,,3045
AskPayPal,11298,0.737,117,0.9972,11270,10229,1.105,2964
AskCiti,4081,0.2676,156,0.9996,4037,1936,2.108,2956
Walmart,2643,0.0015,78,0.9885,2615,0,,2611
TacoBellTeam,4082,0.4025,53,1.0,4082,2430,1.68,2438
VirginAmerica,2815,0.1361,87,0.9987,2805,0,,2423
TfL,2243,0.0281,118,0.9995,2221,0,,2158
ArbysCares,1904,0.0294,99,0.9997,1904,0,,1848
NortonSupport,2011,0.1338,119,0.7988,1999,0,,1731
IHGService,2643,0.4071,153,0.9999,2628,0,,1558
AskPapaJohns,3908,0.6213,100,0.9997,3904,1910,2.046,1478
AsurionCares,1898,0.2924,108,0.9993,1850,0,,1309
GoDaddyHelp,1965,0.3338,131,0.9992,1953,0,,1301
TwitterSupport,1290,0.0023,126,0.9919,1278,0,,1275
Kimpton,1339,0.0202,99,0.9997,1283,0,,1257
SCsupport,1329,0.0075,122,0.9992,1250,0,,1240
ATT,2790,0.5688,132,0.9981,2719,0,,1172
USCellularCares,1177,0.0085,97,0.999,1177,0,,1166
AWSSupport,1035,0.0039,128,0.9963,1034,0,,1029
VMUcare,1381,0.2534,88,0.9989,1352,0,,1009
AskVirginMoney,914,0.0175,105,0.9998,908,0,,892
CenturyLinkHelp,3801,0.7803,116,1.0,3797,0,,834
AskRBC,1011,0.182,133,0.999,1011,0,,826
GooglePlayMusic,804,0.01,138,0.995,803,0,,794
Postmates_Help,3346,0.7711,76,0.9997,3344,0,,765
PearsonSupport,841,0.0963,128,0.9999,828,0,,748
OPPOCareIN,879,0.1843,140,0.9992,869,0,,708
askpanera,2153,0.6781,123,0.9999,2153,0,,693
askvisa,709,0.0339,128,0.994,709,0,,684
AskTigogh,715,0.0531,88,0.9998,714,0,,676
KFC_UKI_Help,2103,0.7023,97,0.9983,2101,0,,625
PandoraSupport,1043,0.3931,102,0.9977,1022,0,,620
YahooCare,906,0.3079,122,0.9999,876,0,,606
DunkinDonuts,1290,0.5318,78,0.9983,1278,0,,598
AskSeagate,639,0.072,146,0.9998,639,0,,592
NeweggService,1079,0.4486,113,0.9944,1067,0,,588
MOO,630,0.0952,77,0.9988,616,0,,557
asksalesforce,710,0.2239,100,0.9999,707,0,,548
BoostCare,907,0.441,116,0.998,905,0,,505
MTNC_Care,784,0.3712,105,0.9833,775,0,,487
sizehelpteam,1482,0.6795,99,0.9999,1475,0,,472
KeyBank_Help,555,0.2595,127,0.9998,554,0,,410
AskRobinhood,432,0.0579,71,0.9745,430,0,,405
mediatemplehelp,305,0.0492,137,0.9996,302,0,,287
ask_progressive,612,0.5441,136,0.9988,612,0,,279
JackBox,266,0.3158,46,0.9821,255,0,,174
CarlsJr,196,0.0561,115,0.9947,183,0,,172
HiltonHelp,833,0.8079,125,0.9996,830,0,,159
OfficeSupport,218,0.2661,113,0.9993,216,0,,158
HotelTonightCX,152,0.2303,113,0.9965,152,0,,116
DoorDash_Help,1581,0.9361,122,0.9993,1575,0,,100
AskDSC,210,0.7048,90,0.9997,210,0,,61
